{"stats":{"minecraft:picked_up":{"minecraft:stick":6,"minecraft:sticky_piston":10,"minecraft:wheat_seeds":1,"minecraft:sand":14,"minecraft:mutton":2,"minecraft:dirt":22,"minecraft:white_wool":1,"minecraft:ender_pearl":1},"minecraft:custom":{"minecraft:time_since_rest":53025,"minecraft:play_one_minute":53025,"minecraft:crouch_one_cm":985,"minecraft:sprint_one_cm":41063,"minecraft:damage_taken":40,"minecraft:walk_one_cm":17784,"minecraft:sneak_time":305,"minecraft:mob_kills":3,"minecraft:drop":15,"minecraft:jump":588,"minecraft:damage_dealt":677,"minecraft:leave_game":6,"minecraft:time_since_death":53025,"minecraft:walk_on_water_one_cm":131,"minecraft:fly_one_cm":272573,"minecraft:fall_one_cm":3791},"minecraft:dropped":{"minecraft:sand":1,"minecraft:wheat_seeds":1,"minecraft:mutton":2,"minecraft:white_wool":1,"minecraft:sticky_piston":10,"minecraft:stick":6},"minecraft:killed":{"minecraft:sheep":1,"minecraft:zombie":1,"minecraft:enderman":1},"minecraft:mined":{"minecraft:grass":3,"minecraft:grass_block":20,"minecraft:dead_bush":8,"minecraft:sand":13,"minecraft:dirt":2},"minecraft:used":{"minecraft:dirt":22,"minecraft:sand":27,"minecraft:iron_sword":9}},"DataVersion":2586}