{"stats":{"minecraft:used":{"minecraft:dirt":22,"minecraft:sand":13},"minecraft:custom":{"minecraft:time_since_rest":4139,"minecraft:crouch_one_cm":860,"minecraft:play_one_minute":4139,"minecraft:sprint_one_cm":8337,"minecraft:damage_taken":40,"minecraft:walk_one_cm":7379,"minecraft:sneak_time":242,"minecraft:mob_kills":1,"minecraft:drop":3,"minecraft:jump":143,"minecraft:damage_dealt":80,"minecraft:leave_game":4,"minecraft:walk_on_water_one_cm":131,"minecraft:time_since_death":4139,"minecraft:fall_one_cm":3373,"minecraft:fly_one_cm":38558},"minecraft:killed":{"minecraft:sheep":1},"minecraft:dropped":{"minecraft:wheat_seeds":1,"minecraft:mutton":2,"minecraft:white_wool":1},"minecraft:picked_up":{"minecraft:wheat_seeds":1,"minecraft:sand":13,"minecraft:mutton":2,"minecraft:dirt":22,"minecraft:white_wool":1},"minecraft:mined":{"minecraft:grass":3,"minecraft:grass_block":20,"minecraft:sand":13,"minecraft:dirt":2}},"DataVersion":2586}